gross_return,net_return_10bps
-0.0133966704229333,-0.0143966704229333
0.004105765573745896,0.004105765573745896
0.00811938875155016,0.00811938875155016
0.009821564375016417,0.009821564375016417
0.00488324099777461,0.00488324099777461
-0.0037880002632376983,-0.0037880002632376983
-0.0014137443411921381,-0.0014137443411921381
-0.00018235665048578104,-0.00018235665048578104
-0.004832596447205504,-0.004832596447205504
-0.0004595645476059288,-0.0004595645476059288
0.004946741400215103,0.004946741400215103
0.007836394589449173,0.007836394589449173
-0.0041566890188765694,-0.0041566890188765694
-0.00220202627611424,-0.00220202627611424
0.006010652770505628,0.006010652770505628
-0.004504782078123275,-0.004504782078123275
-0.0189052898569587,-0.0189052898569587
0.007077727164777353,0.007077727164777353
-0.012932628860144096,-0.012932628860144096
0.010593791213870078,0.010593791213870078
0.013641954059668362,0.013641954059668362
-0.007119317406339889,-0.007389323101234655
0.0087782671652768,0.0087782671652768
0.0067362544119019116,0.0067362544119019116
0.002949082928090718,0.002949082928090718
0.0010022581464693336,0.0010022581464693336
-0.00047936255095778536,-0.00047936255095778536
0.0006047134870808932,0.0006047134870808932
0.003133377158872169,0.003133377158872169
-0.006414571488136997,-0.006414571488136997
0.002471493341487931,0.002471493341487931
0.0015082938365607894,0.0015082938365607894
-0.005175539298254782,-0.005175539298254782
-0.009151909214207866,-0.009151909214207866
0.0009270443791037557,0.0009270443791037557
0.0025432032171095096,0.0025432032171095096
-0.015732014949382984,-0.015732014949382984
-0.009277245066504581,-0.009277245066504581
0.02107268273514483,0.02107268273514483
-0.00654039483676869,-0.00654039483676869
-0.014330910323782977,-0.014330910323782977
-0.014084281234934744,-0.014084281234934744
0.021118886380960596,0.020810657173426134
-7.214429700225906e-05,-7.214429700225906e-05
0.008492246019939285,0.008492246019939285
0.005723505456959245,0.005723505456959245
0.004769268874516197,0.004769268874516197
0.0020177445123099667,0.0020177445123099667
0.009466848710453335,0.009466848710453335
-0.0022750252663138134,-0.0022750252663138134
-0.0021898975509197,-0.0021898975509197
-0.007201722310640135,-0.007201722310640135
0.0014054082774673968,0.0014054082774673968
0.0072243437963592,0.0072243437963592
-0.0030930377678762867,-0.0030930377678762867
-0.0043288997850701215,-0.0043288997850701215
0.006126088011245486,0.006126088011245486
0.0169563383668117,0.0169563383668117
0.002557279322128725,0.002557279322128725
-0.006729759616433435,-0.006729759616433435
0.0018960216539464663,0.0018960216539464663
0.007972000417510417,0.007972000417510417
0.011842582338434826,0.011842582338434826
0.0005491305436459108,-3.780087843627364e-05
-0.0030980588905781736,-0.0030980588905781736
0.003369672851794356,0.003369672851794356
0.004508786390898895,0.004508786390898895
0.0035676865080008857,0.0035676865080008857
0.0018113948827457001,0.0018113948827457001
-0.0016732370169985611,-0.0016732370169985611
0.011898588955884061,0.011898588955884061
0.0035052674635907303,0.0035052674635907303
-0.0035070821210174963,-0.0035070821210174963
-0.0005992779579719787,-0.0005992779579719787
0.006312931118870289,0.006312931118870289
-0.0034776014584387603,-0.0034776014584387603
0.005605781491516393,0.005605781491516393
-0.0016733505147485967,-0.0016733505147485967
-0.0009374289370328388,-0.0009374289370328388
-0.002839913587419946,-0.002839913587419946
0.006958816405137031,0.006958816405137031
-0.005353756782646435,-0.005353756782646435
0.004436260799183287,0.004436260799183287
-0.0011108747228536556,-0.0011108747228536556
-0.0010499627860143495,-0.0014748434996707288
0.0069094140333083665,0.0069094140333083665
0.005918571952701298,0.005918571952701298
-0.0005072211984715371,-0.0005072211984715371
-0.009387586868802065,-0.009387586868802065
-0.01794460371739863,-0.01794460371739863
0.014073173220782437,0.014073173220782437
0.009940962178064259,0.009940962178064259
-0.0038434329444828985,-0.0038434329444828985
-0.006973160791105133,-0.006973160791105133
-0.002283726398386571,-0.002283726398386571
0.010887640951469765,0.010887640951469765
0.00142351803102166,0.00142351803102166
0.004709170134011732,0.004709170134011732
-0.003926380293279539,-0.003926380293279539
-0.0005723747962887466,-0.0005723747962887466
0.0018855531971992865,0.0018855531971992865
0.0012701248455743183,0.0012701248455743183
-0.003075743458490433,-0.003075743458490433
0.0025641859252283424,0.0025641859252283424
0.0001686995453302726,0.0001686995453302726
0.007171652706912331,0.006779433008359271
-0.0047704204250992996,-0.0047704204250992996
-0.00023930509504590405,-0.00023930509504590405
0.0001393699624203434,0.0001393699624203434
0.004232773516371712,0.004232773516371712
0.0026870794320612815,0.0026870794320612815
-0.0016251720301239509,-0.0016251720301239509
-0.00011744781529684531,-0.00011744781529684531
-0.00810164653924818,-0.00810164653924818
-0.0024332918803021126,-0.0024332918803021126
-0.014864115447928407,-0.014864115447928407
0.014912471049299925,0.014912471049299925
0.002004865185310742,0.002004865185310742
-0.004397404153873183,-0.004397404153873183
0.005101222435617446,0.005101222435617446
0.006508153332845322,0.006508153332845322
0.0004559781223364864,0.0004559781223364864
-0.0011492169767292665,-0.0011492169767292665
0.00047847208938735816,0.00047847208938735816
0.0059281084288099984,0.0059281084288099984
0.004553528594617095,0.004553528594617095
-0.002595009018340751,-0.0030623808468650364
0.007775971091183432,0.007775971091183432
-0.008850326212713847,-0.008850326212713847
0.010334735322925476,0.010334735322925476
-0.0007861517345263552,-0.0007861517345263552
-0.004627053443184958,-0.004627053443184958
0.00162781739690067,0.00162781739690067
0.0004985584477862877,0.0004985584477862877
-0.0008489440229350576,-0.0008489440229350576
-0.015016815225515867,-0.015016815225515867
0.014013799798228756,0.014013799798228756
0.003602019557110209,0.003602019557110209
0.001185383484645284,0.001185383484645284
0.007570225820443702,0.007570225820443702
-0.0010917899519800683,-0.0010917899519800683
0.0011461731416712113,0.0011461731416712113
-0.00284020798748647,-0.00284020798748647
0.004739183545154184,0.004739183545154184
0.0003565369977178635,0.0003565369977178635
-0.000902281484182975,-0.000902281484182975
0.005483207925427024,0.005483207925427024
-0.007239492288930333,-0.007650685848988985
0.0017733865836282539,0.0017733865836282539
0.0037722919625461874,0.0037722919625461874
-0.0010407449656513784,-0.0010407449656513784
0.002087606080368603,0.002087606080368603
0.005884648960619361,0.005884648960619361
0.0012208691722973872,0.0012208691722973872
0.002052289501400268,0.002052289501400268
0.00556517693794036,0.00556517693794036
-0.003260650475885051,-0.003260650475885051
-0.01107436066431618,-0.01107436066431618
0.0022889139728424664,0.0022889139728424664
0.005025826909230521,0.005025826909230521
0.0028354730329845095,0.0028354730329845095
0.0011953311447039784,0.0011953311447039784
0.002529956675211745,0.002529956675211745
-0.0032087657531680767,-0.0032087657531680767
0.005850748483776974,0.005850748483776974
0.0017555279617975413,0.0017555279617975413
0.00025549392201039113,0.00025549392201039113
0.0014125379176595403,0.0014125379176595403
0.006162158987882649,0.005821860821182226
-0.002253715638342125,-0.002253715638342125
-0.011249529231667289,-0.011249529231667289
0.004553941579938211,0.004553941579938211
-0.005240307616950329,-0.005240307616950329
-0.006776411614679929,-0.006776411614679929
0.0007500027059890584,0.0007500027059890584
-0.005473834425124634,-0.005473834425124634
0.005126181949423406,0.005126181949423406
-0.00491602271959678,-0.00491602271959678
-0.0076462567083672925,-0.0076462567083672925
-0.012168317678725612,-0.012168317678725612
-0.00329773043666952,-0.00329773043666952
0.007424081235504315,0.007424081235504315
0.01003622818332259,0.01003622818332259
0.000954974711586631,0.000954974711586631
-0.0034323109778485058,-0.0034323109778485058
-0.013895264820323336,-0.013895264820323336
0.003911493078919624,0.003911493078919624
-0.013206754636655589,-0.013206754636655589
0.007900190429393895,0.007900190429393895
-0.007355847037224074,-0.007801190016709625
0.00956609480917584,0.00956609480917584
0.004785242903169989,0.004785242903169989
0.008535505181623595,0.008535505181623595
-0.0030269270334563002,-0.0030269270334563002
-0.006447287547243069,-0.006447287547243069
-0.0010792556582481976,-0.0010792556582481976
0.004337314432647514,0.004337314432647514
0.015605635468385068,0.015605635468385068
0.00453415811719926,0.00453415811719926
-0.0021583274782869828,-0.0021583274782869828
0.00949518803922476,0.00949518803922476
0.006384477996212801,0.006384477996212801
0.0007908914002766736,0.0007908914002766736
0.004246132914817978,0.004246132914817978
-0.0013450870856879728,-0.0013450870856879728
-0.003122971817812779,-0.003122971817812779
-0.012415998769462883,-0.012415998769462883
0.006917235529359631,0.006917235529359631
0.0007664054508937063,0.0007664054508937063
0.0014384881147025707,0.0014384881147025707
0.004766892651627231,0.004385390887165155
0.0018406455797877952,0.0018406455797877952
-0.0015075198251894343,-0.0015075198251894343
0.004238594510487235,0.004238594510487235
0.0003055743733162687,0.0003055743733162687
-0.00046172266112969685,-0.00046172266112969685
-0.0029265103310660806,-0.0029265103310660806
-0.002002296708406356,-0.002002296708406356
0.00427462312437259,0.00427462312437259
0.0010486156639821873,0.0010486156639821873
0.002130163497228293,0.002130163497228293
-0.00422845222465895,-0.00422845222465895
-0.0039063192587148994,-0.0039063192587148994
-0.0043798769272408436,-0.0043798769272408436
0.0009164860941917708,0.0009164860941917708
0.0029338766746623223,0.0029338766746623223
0.0011767653749936464,0.0011767653749936464
-0.017443706762553392,-0.017443706762553392
0.008496375005161944,0.008496375005161944
-0.024832330789278725,-0.024832330789278725
-0.010123369862482743,-0.010123369862482743
0.017354081660127377,0.016825893965389433
-0.0015845775495279936,-0.0015845775495279936
0.012484616380337644,0.012484616380337644
0.011807320796147045,0.011807320796147045
0.0027997793051590144,0.0027997793051590144
-0.005063605688258924,-0.005063605688258924
0.007248897615702445,0.007248897615702445
0.0015875539853936428,0.0015875539853936428
-0.004850588074755147,-0.004850588074755147
0.012062038743437477,0.012062038743437477
0.003908635676939743,0.003908635676939743
-0.009583290129404893,-0.009583290129404893
-0.009922175210117967,-0.009922175210117967
0.011970264101082448,0.011970264101082448
0.006095908240928467,0.006095908240928467
0.0055724677712642706,0.0055724677712642706
0.009831408202500846,0.009831408202500846
0.0031185024036812455,0.0031185024036812455
0.003146799175437425,0.003146799175437425
-0.0012956725161624252,-0.0012956725161624252
-9.300242912732325e-05,-9.300242912732325e-05
-0.0038160885887932807,-0.004128950460439558
0.0038818743928531645,0.0038818743928531645
-0.010648273212774412,-0.010648273212774412
-0.0004941190064256479,-0.0004941190064256479
-0.0015473289008507952,-0.0015473289008507952
-0.002753458020222073,-0.002753458020222073
0.00591611220138431,0.00591611220138431
0.0010934981647991117,0.0010934981647991117
-0.006687396232123964,-0.006687396232123964
-0.003964809292987158,-0.003964809292987158
-0.013993170878101776,-0.013993170878101776
-0.00607457287144982,-0.00607457287144982
-0.007932080251429701,-0.007932080251429701
-0.00943730357401502,-0.00943730357401502
0.0017454147155167657,0.0017454147155167657
-0.011095936077428356,-0.011095936077428356
-0.008299539831944888,-0.008299539831944888
-0.0033151654526606187,-0.0033151654526606187
0.017717980109180968,0.017717980109180968
0.013096712743025091,0.013096712743025091
0.0027220311529036474,0.0027220311529036474
0.008529276473686008,0.008098628616134411
-0.010573197587564073,-0.010573197587564073
-0.00018202330825814702,-0.00018202330825814702
-0.0008898523171197488,-0.0008898523171197488
0.006952851829906042,0.006952851829906042
0.011266108361129925,0.011266108361129925
-0.017191329024073138,-0.017191329024073138
-0.00854824639117064,-0.00854824639117064
-0.007893358925782952,-0.007893358925782952
0.0072895694210467045,0.0072895694210467045
0.0022251877839268752,0.0022251877839268752
-0.014504682652791345,-0.014504682652791345
-0.003473951008448247,-0.003473951008448247
-0.0032223371301594366,-0.0032223371301594366
-0.013216182656243974,-0.013216182656243974
0.005777236340787262,0.005777236340787262
0.024205178364306586,0.024205178364306586
-0.004098946748430671,-0.004098946748430671
-0.012527744114770227,-0.012527744114770227
0.017981624006443774,0.017981624006443774
0.000783125641055216,0.000783125641055216
-0.0003481727439427462,-0.00070994571212282
-0.01898502764173745,-0.01898502764173745
-0.014981172629355768,-0.014981172629355768
0.016069305651486666,0.016069305651486666
-0.003157268892562679,-0.003157268892562679
-0.009558197603130961,-0.009558197603130961
0.00011996548778671409,0.00011996548778671409
0.014648504488500145,0.014648504488500145
0.01286605794847082,0.01286605794847082
0.01195914303842147,0.01195914303842147
0.006377022280491606,0.006377022280491606
0.0016668774969696278,0.0016668774969696278
0.006190250201975808,0.006190250201975808
-0.009055077551516388,-0.009055077551516388
0.009682255995074019,0.009682255995074019
0.008852321340430784,0.008852321340430784
0.0015929341640679787,0.0015929341640679787
0.00873793444407,0.00873793444407
-0.0014263377344245008,-0.0014263377344245008
-0.01193262429449325,-0.01193262429449325
0.00618563761336696,0.00618563761336696
-0.0007002068449055514,-0.0009532650653414243
-0.005526248178320759,-0.005526248178320759
-0.0002792575730718739,-0.0002792575730718739
0.004104199002082078,0.004104199002082078
0.0019572167823412707,0.0019572167823412707
-0.010194474664625787,-0.010194474664625787
-0.003870972367570723,-0.003870972367570723
0.006908012199459591,0.006908012199459591
-0.006163327628572693,-0.006163327628572693
-0.0035675638395927145,-0.0035675638395927145
0.013830003935184678,0.013830003935184678
0.008244779856483917,0.008244779856483917
-0.012893098546571013,-0.012893098546571013
-0.024118037457227758,-0.024118037457227758
0.0007546010702649212,0.0007546010702649212
-0.018970362132209047,-0.018970362132209047
0.0021846936071350394,0.0021846936071350394
0.01472171422913525,0.01472171422913525
-0.030235038363611598,-0.030235038363611598
-2.6648878092475833e-06,-2.6648878092475833e-06
0.006653655653689648,0.006653655653689648
0.024308373329150344,0.023869155195148525
-0.026905703993762402,-0.026905703993762402
-0.003221067162624259,-0.003221067162624259
-0.022722358226279285,-0.022722358226279285
-0.0012120249737252956,-0.0012120249737252956
-0.006278312153717331,-0.006278312153717331
0.0020027774442834,0.0020027774442834
0.017525002296888397,0.017525002296888397
-0.001572046190992621,-0.001572046190992621
0.016899009381107628,0.016899009381107628
-0.03202776233687326,-0.03202776233687326
-0.0034980260424924744,-0.0034980260424924744
0.0029099278424195886,0.0029099278424195886
0.017383666494348034,0.017383666494348034
0.0010290087652351702,0.0010290087652351702
0.005877661288760522,0.005877661288760522
0.01367953220401818,0.01367953220401818
0.019016727087930157,0.019016727087930157
-0.008869190345657274,-0.008869190345657274
-0.007010327567386502,-0.007010327567386502
0.01273369742126389,0.01273369742126389
-0.009052437901389591,-0.00938995351421722
0.0016354758630045848,0.0016354758630045848
0.009388939366928762,0.009388939366928762
-0.012544394580024518,-0.012544394580024518
-0.020537973641520033,-0.020537973641520033
-0.01974237326653673,-0.01974237326653673
-0.030680989431780208,-0.030680989431780208
-0.008982719537036929,-0.008982719537036929
0.007231342700486867,0.007231342700486867
-0.026782234182364716,-0.026782234182364716
-0.0006009341338047568,-0.0006009341338047568
0.02114440196675577,0.02114440196675577
-0.0008917750072977336,-0.0008917750072977336
0.006425108419357541,0.006425108419357541
0.02600718360823405,0.02600718360823405
0.0012483959398946532,0.0012483959398946532
-0.012212213613595101,-0.012212213613595101
-0.0009061594655402117,-0.0009061594655402117
-0.0034443297774429645,-0.0034443297774429645
0.011944018636957932,0.011944018636957932
-0.00810058216871402,-0.00810058216871402
0.0034174018126894535,0.0029875203522839217
0.008197459456936762,0.008197459456936762
-0.002696330158910838,-0.002696330158910838
-0.005293644537571513,-0.005293644537571513
-0.007320621686053505,-0.007320621686053505
-0.00451164938257571,-0.00451164938257571
-0.006408028606166118,-0.006408028606166118
0.016457323086659422,0.016457323086659422
-0.008897173712442436,-0.008897173712442436
0.02240000141747412,0.02240000141747412
-0.00046893458178096927,-0.00046893458178096927
0.005772969163358834,0.005772969163358834
-0.0023943119282938807,-0.0023943119282938807
0.004061663219734899,0.004061663219734899
-0.0019810964681886718,-0.0019810964681886718
0.012668759871041966,0.012668759871041966
0.012222371488070519,0.012222371488070519
0.007488368839142721,0.007488368839142721
-0.0029150918622053382,-0.0029150918622053382
-0.005046610813660202,-0.005046610813660202
0.010866619535229601,0.010866619535229601
-0.0029094127413515874,-0.003264463022648118
0.0003723925955016842,0.0003723925955016842
0.0006975613238519923,0.0006975613238519923
-0.00027959730512059846,-0.00027959730512059846
0.014502450133050087,0.014502450133050087
0.00030558573710875477,0.00030558573710875477
0.014098400090225227,0.014098400090225227
0.004444953381248234,0.004444953381248234
0.004313997088495647,0.004313997088495647
-0.005562668101961976,-0.005562668101961976
0.002787292567765646,0.002787292567765646
-0.00748991253681815,-0.00748991253681815
-0.017623135483211733,-0.017623135483211733
-0.004703794478127711,-0.004703794478127711
0.0018506814293761007,0.0018506814293761007
0.010720321938235291,0.010720321938235291
-0.025648164609201225,-0.025648164609201225
-0.004884183232098165,-0.004884183232098165
-0.010221947275344373,-0.010221947275344373
-0.006893196210929289,-0.006893196210929289
0.005577818664511047,0.005577818664511047
-0.011082787112384194,-0.011324272132840891
-0.0025102278416084443,-0.0025102278416084443
0.018832448809459917,0.018832448809459917
0.005363686307949827,0.005363686307949827
0.010600742011084399,0.010600742011084399
0.007370712509495154,0.007370712509495154
-0.03199850441257472,-0.03199850441257472
0.00011460865311139931,0.00011460865311139931
-0.009313575513776508,-0.009313575513776508
-0.005666218364801529,-0.005666218364801529
0.006571687000969379,0.006571687000969379
-0.013529148069587724,-0.013529148069587724
-0.014079560308953052,-0.014079560308953052
-0.008551139335625759,-0.008551139335625759
-0.012442445586241906,-0.012442445586241906
-0.012216367726927631,-0.012216367726927631
-0.007486859941115574,-0.007486859941115574
0.018068296413289595,0.018068296413289595
-0.01710640170625352,-0.01710640170625352
-0.012190206654138936,-0.012190206654138936
0.02663776234009354,0.02663776234009354
0.02669130145952978,0.026392870833728738
-0.00525462002847729,-0.00525462002847729
-0.015185122982411396,-0.015185122982411396
-0.019555054227751157,-0.019555054227751157
-0.003655924180492648,-0.003655924180492648
-0.0027985068298476802,-0.0027985068298476802
-0.007717582975003014,-0.007717582975003014
0.025213942945573154,0.025213942945573154
-0.01837488863209645,-0.01837488863209645
0.02032860497418628,0.02032860497418628
0.013108473605757679,0.013108473605757679
-0.008860948924531214,-0.008860948924531214
-0.010997518719818866,-0.010997518719818866
0.019925361194596775,0.019925361194596775
0.00995900780433955,0.00995900780433955
0.014276503053690874,0.014276503053690874
0.003186506753158564,0.003186506753158564
0.0026317945412857066,0.0026317945412857066
0.022456107591287095,0.022456107591287095
-0.003777169238596648,-0.003777169238596648
0.0022542300812730437,0.0022542300812730437
-0.01624663095631379,-0.01659613488357922
-0.009882116822824957,-0.009882116822824957
0.009715263301115154,0.009715263301115154
0.0062156709542158135,0.0062156709542158135
0.0060247612777640045,0.0060247612777640045
-0.012541551623293498,-0.012541551623293498
0.03675188657740451,0.03675188657740451
-0.0017079192467801922,-0.0017079192467801922
-0.007318205907315752,-0.007318205907315752
0.005796153722676829,0.005796153722676829
4.373825630700766e-06,4.373825630700766e-06
-0.003201032600283788,-0.003201032600283788
0.010079224721290641,0.010079224721290641
0.001963670720252478,0.001963670720252478
0.009606483943457554,0.009606483943457554
0.004766154317252367,0.004766154317252367
0.003285739856733378,0.003285739856733378
-0.012599242058580982,-0.012599242058580982
-0.0010572387481236547,-0.0010572387481236547
0.022093831200452153,0.022093831200452153
0.0018981459335225084,0.0018981459335225084
0.001163473815777779,0.0008362681531970472
-0.015346395893814204,-0.015346395893814204
-0.008333830596739672,-0.008333830596739672
-0.0013362062385574001,-0.0013362062385574001
0.0038795256366544006,0.0038795256366544006
-0.007526622610710257,-0.007526622610710257
0.014674549889723443,0.014674549889723443
0.0024103777851545165,0.0024103777851545165
-0.004776895792054704,-0.004776895792054704
-0.01964794468032665,-0.01964794468032665
-0.008404931270645859,-0.008404931270645859
-0.0036184428016197835,-0.0036184428016197835
0.0018274357984151425,0.0018274357984151425
0.012588642444673063,0.012588642444673063
-0.007229003638353096,-0.007229003638353096
0.005355918132700526,0.005355918132700526
0.0022960758407051243,0.0022960758407051243
-0.009746387815412042,-0.009746387815412042
0.011926947105767477,0.011926947105767477
-0.003852037472917853,-0.003852037472917853
0.0014886646157659573,0.0014886646157659573
0.009147184428683817,0.00893591458336592
-0.009475112134821793,-0.009475112134821793
0.019599165720583275,0.019599165720583275
-0.0056190953625230595,-0.0056190953625230595
0.004250831783216927,0.004250831783216927
0.006581265681840739,0.006581265681840739
0.0002753977946104976,0.0002753977946104976
0.0016167374324406968,0.0016167374324406968
-0.005915951614727672,-0.005915951614727672
-0.016735779165632934,-0.016735779165632934
-0.007904581909917977,-0.007904581909917977
0.010534074225055076,0.010534074225055076
0.006719513897574155,0.006719513897574155
0.0023266908807124996,0.0023266908807124996
0.0019190639201871946,0.0019190639201871946
0.002230758702450992,0.002230758702450992
-0.001828035671446877,-0.001828035671446877
-0.004910451946366656,-0.004910451946366656
0.011406197340932225,0.011406197340932225
7.009304317862771e-05,7.009304317862771e-05
-0.002554857312935805,-0.002554857312935805
-0.005726579509516266,-0.0061141406289911444
-0.003487227827615403,-0.003487227827615403
0.006271855659613338,0.006271855659613338
-0.007715178920898473,-0.007715178920898473
-0.009687728449993138,-0.009687728449993138
0.007962898237510898,0.007962898237510898
0.007348427224046609,0.007348427224046609
-0.004905497199153002,-0.004905497199153002
0.004073414247817887,0.004073414247817887
-0.006126868711883145,-0.006126868711883145
0.005384919712383681,0.005384919712383681
-0.013599186637769317,-0.013599186637769317
-0.001355052116031555,-0.001355052116031555
0.0007297635066490399,0.0007297635066490399
-0.0056014983986855,-0.0056014983986855
0.00014606170783493464,0.00014606170783493464
-0.005436680626561022,-0.005436680626561022
-0.004121180294936038,-0.004121180294936038
0.008616854730829269,0.008616854730829269
0.010166582848256505,0.010166582848256505
-0.0017318765203057293,-0.0017318765203057293
-0.014316539420897452,-0.014567212924257762
-0.0005671677799698572,-0.0005671677799698572
-0.014240021709285365,-0.014240021709285365
-0.014219028677911472,-0.014219028677911472
-0.003401163083264897,-0.003401163083264897
0.012815013496286002,0.012815013496286002
-0.009791599019769875,-0.009791599019769875
0.010747677788766152,0.010747677788766152
-0.014984826647415905,-0.014984826647415905
0.014914154473408289,0.014914154473408289
0.006634930032435966,0.006634930032435966
-0.017329300760537104,-0.017329300760537104
-0.003626839805859398,-0.003626839805859398
0.012279754846497086,0.012279754846497086
0.006848612562245856,0.006848612562245856
0.0009051518557377724,0.0009051518557377724
0.010932198976133447,0.010932198976133447
0.0037607515421775764,0.0037607515421775764
0.01140931994906843,0.01140931994906843
0.002560945765137252,0.002560945765137252
-0.00715938691506721,-0.00715938691506721
0.005193567903354435,0.004862314943921704
0.0005805674314166392,0.0005805674314166392
0.0024069312618221587,0.0024069312618221587
0.0035422902052598985,0.0035422902052598985
0.0007028272060066338,0.0007028272060066338
0.006253472048918384,0.006253472048918384
-0.0030004879828480517,-0.0030004879828480517
0.0045066939609238795,0.0045066939609238795
-0.0009825893570480856,-0.0009825893570480856
-0.0028331383817749066,-0.0028331383817749066
-0.0028696431413591174,-0.0028696431413591174
0.00015340033515293022,0.00015340033515293022
0.0023003893503393893,0.0023003893503393893
-0.004978741489376114,-0.004978741489376114
-0.015580034312689953,-0.015580034312689953
0.013316028195834634,0.013316028195834634
0.005567865337722784,0.005567865337722784
0.0027582588400406624,0.0027582588400406624
-0.011031373579300457,-0.011031373579300457
-0.006255568330707862,-0.006255568330707862
-0.0038743504123984708,-0.0038743504123984708
0.012829840851099514,0.012514193684258573
-0.0016771586387359016,-0.0016771586387359016
-0.004053472136821747,-0.004053472136821747
0.0018602080696501328,0.0018602080696501328
-0.002765082038368276,-0.002765082038368276
0.001984192792829382,0.001984192792829382
0.0010766370127451657,0.0010766370127451657
-0.012095069451441098,-0.012095069451441098
0.0066542396727424825,0.0066542396727424825
0.002830709190589298,0.002830709190589298
0.00020759992889873583,0.00020759992889873583
-0.0015941018755943092,-0.0015941018755943092
-0.009072847827592408,-0.009072847827592408
-0.008603399464502257,-0.008603399464502257
-0.0044656815305353465,-0.0044656815305353465
0.0050717497285830415,0.0050717497285830415
-0.0024910704990354377,-0.0024910704990354377
-0.002763915530697723,-0.002763915530697723
0.007357750990977368,0.007357750990977368
0.018355975286133693,0.018355975286133693
-0.0007330235477760328,-0.0007330235477760328
0.0006469801824046751,0.00032866336706226755
0.0036880450789966287,0.0036880450789966287
0.002870249814319125,0.002870249814319125
-0.0009434017809274533,-0.0009434017809274533
0.0030857892836190816,0.0030857892836190816
0.005587505729454147,0.005587505729454147
-0.0005400368149360394,-0.0005400368149360394
0.012655666288343788,0.012655666288343788
0.0006539855044103719,0.0006539855044103719
-0.007518862124949951,-0.007518862124949951
-0.00033068696278337295,-0.00033068696278337295
-0.0020637978811005237,-0.0020637978811005237
-0.008264685386573377,-0.008264685386573377
0.0021937119868658543,0.0021937119868658543
0.0077419178759569095,0.0077419178759569095
-0.004500243247688211,-0.004500243247688211
0.0073467330554386695,0.0073467330554386695
0.00876689880289199,0.00876689880289199
0.0003261741241898014,0.0003261741241898014
-0.0019578190590943258,-0.0019578190590943258
-0.006560552154828652,-0.006560552154828652
-0.0030558662611068514,-0.0032925377920706906
0.00470490678622094,0.00470490678622094
0.00994590683006664,0.00994590683006664
0.0007831601052276752,0.0007831601052276752
0.004113929793965943,0.004113929793965943
-0.0018990485842116486,-0.0018990485842116486
0.0015528449945073474,0.0015528449945073474
0.0031140892419290844,0.0031140892419290844
0.00364911959076237,0.00364911959076237
0.007303329369841986,0.007303329369841986
0.002119898001142035,0.002119898001142035
0.0018723543971536165,0.0018723543971536165
0.001078113401360081,0.001078113401360081
0.0011966699893682154,0.0011966699893682154
-0.009903426664679879,-0.009903426664679879
0.0016520717707652378,0.0016520717707652378
0.0006830315519413616,0.0006830315519413616
-0.0031083205214879977,-0.0031083205214879977
-0.00422674995974102,-0.00422674995974102
-0.00407587557353201,-0.00407587557353201
-0.007564858758846214,-0.007564858758846214
0.009433937327999952,0.009076032037578468
-0.004619533809073171,-0.004619533809073171
-0.00046732496736669155,-0.00046732496736669155
-0.0009000532542156369,-0.0009000532542156369
0.0029570490816789173,0.0029570490816789173
-0.000702451823779033,-0.000702451823779033
-0.01106606641843302,-0.01106606641843302
-0.0035816533416830505,-0.0035816533416830505
-0.00613905270762395,-0.00613905270762395
0.0012861775213507706,0.0012861775213507706
-0.00026076493143038163,-0.00026076493143038163
-0.0026461877438912727,-0.0026461877438912727
0.0062819963131849465,0.0062819963131849465
-0.006396391526361313,-0.006396391526361313
0.006801234804502118,0.006801234804502118
0.005748873439475363,0.005748873439475363
0.006422943784981107,0.006422943784981107
0.0018620079640870458,0.0018620079640870458
-0.004134974279288817,-0.004134974279288817
0.0023401885130734513,0.0023401885130734513
-0.009704765012974114,-0.009704765012974114
-0.00243801463795789,-0.0027507690578594058
0.00013960871526679102,0.00013960871526679102
0.000823240798924201,0.000823240798924201
0.003541575588943729,0.003541575588943729
-0.0024644345217146855,-0.0024644345217146855
0.0006707767758533379,0.0006707767758533379
0.008617964690559933,0.008617964690559933
-0.006686616638044363,-0.006686616638044363
0.0013315181707913516,0.0013315181707913516
-0.0017051939135091514,-0.0017051939135091514
-0.0017377657420055966,-0.0017377657420055966
-0.01372282704248965,-0.01372282704248965
-0.002412070411973816,-0.002412070411973816
0.0012120444989136732,0.0012120444989136732
-0.012107437239689562,-0.012107437239689562
-0.0008208671655031902,-0.0008208671655031902
0.003562828015830228,0.003562828015830228
-0.004513850104430748,-0.004513850104430748
-0.00786930594047888,-0.00786930594047888
-0.006180637695279203,-0.006180637695279203
0.005143436329637371,0.005143436329637371
-0.0027783047631009905,-0.0029950399736146842
0.008558044346007874,0.008558044346007874
0.009070077855443998,0.009070077855443998
0.005643795349534127,0.005643795349534127
1.4708077308149468e-05,1.4708077308149468e-05
-0.010730850551405597,-0.010730850551405597
0.0016890426317882497,0.0016890426317882497
0.00917580147491407,0.00917580147491407
0.0019992389820930553,0.0019992389820930553
-0.010092720146683451,-0.010092720146683451
-0.010335336694081175,-0.010335336694081175
-0.009116203763606025,-0.009116203763606025
-0.00503233404888133,-0.00503233404888133
0.006893550547763443,0.006893550547763443
-0.004832881938180183,-0.004832881938180183
-0.002867773350771574,-0.002867773350771574
-0.01281309140034495,-0.01281309140034495
0.008564244864516716,0.008564244864516716
0.008864675983531167,0.008864675983531167
0.0028283930414763634,0.0028283930414763634
0.015884685654437635,0.015884685654437635
0.01151181861619078,0.011140475379081517
0.00033564769029198997,0.00033564769029198997
-0.0006382268331220356,-0.0006382268331220356
0.0003754292038444777,0.0003754292038444777
-0.004741660270446045,-0.004741660270446045
0.011181191627754706,0.011181191627754706
0.00010711918120716386,0.00010711918120716386
0.01743525679466426,0.01743525679466426
0.0014403456788672166,0.0014403456788672166
8.358976641043605e-05,8.358976641043605e-05
0.002567600718519126,0.002567600718519126
0.002253893250478547,0.002253893250478547
0.004631006184098775,0.004631006184098775
0.004390635709186474,0.004390635709186474
0.003505575073563726,0.003505575073563726
-0.0027195591782564303,-0.0027195591782564303
-0.0027106473250852053,-0.0027106473250852053
0.00025656352214987685,0.00025656352214987685
0.01018107965228995,0.01018107965228995
0.009038971352788626,0.009038971352788626
-0.00013930623846355742,-0.00013930623846355742
-0.006246220800575984,-0.006595851314431384
-0.0006572127930417477,-0.0006572127930417477
0.0019689329012142023,0.0019689329012142023
0.0014399657278357314,0.0014399657278357314
0.009709744758208832,0.009709744758208832
0.0050952359923074255,0.0050952359923074255
0.01341585338050119,0.01341585338050119
-0.001775377519462909,-0.001775377519462909
-0.005535906663198991,-0.005535906663198991
0.0032447507982571004,0.0032447507982571004
0.0039314274133403345,0.0039314274133403345
-0.01359520135922135,-0.01359520135922135
0.0077336443747805786,0.0077336443747805786
0.005040774289223205,0.005040774289223205
0.00448696525181407,0.00448696525181407
0.0008054925067860688,0.0008054925067860688
0.002827040439356423,0.002827040439356423
-0.0004757539843572589,-0.0004757539843572589
0.0003008448503060344,0.0003008448503060344
-0.006804060367270357,-0.006804060367270357
-0.0007808137621689155,-0.0007808137621689155
-0.0004616537355578721,-0.0007669649501902372
0.008528896828763434,0.008528896828763434
-0.003317363589614514,-0.003317363589614514
0.002912877946876324,0.002912877946876324
-0.0022007876785827296,-0.0022007876785827296
0.0034930462919872804,0.0034930462919872804
-0.004241113478341581,-0.004241113478341581
-0.004569497868555854,-0.004569497868555854
0.00435832395803917,0.00435832395803917
0.006873866492633154,0.006873866492633154
0.003758891627389395,0.003758891627389395
0.0021653689219349854,0.0021653689219349854
-0.005812050539807142,-0.005812050539807142
0.008293957487547332,0.008293957487547332
0.001092307547711822,0.001092307547711822
0.004296504161711598,0.004296504161711598
0.003918562494340215,0.003918562494340215
-0.010808898549638868,-0.010808898549638868
0.009953046012810022,0.009953046012810022
-0.001301822912604327,-0.001301822912604327
-0.007330451162590263,-0.007330451162590263
0.00606871831503455,0.0057830442820315155
0.0030463844390991642,0.0030463844390991642
-0.0004171998903468836,-0.0004171998903468836
0.0016530760432609491,0.0016530760432609491
0.0013948696655420902,0.0013948696655420902
-0.010105643269864729,-0.010105643269864729
0.006601306166721285,0.006601306166721285
0.010056642312030873,0.010056642312030873
-0.0027870415734981765,-0.0027870415734981765
-0.0008264508134103449,-0.0008264508134103449
0.0038176069467862382,0.0038176069467862382
0.00993337429153196,0.00993337429153196
0.003691217911010257,0.003691217911010257
-0.005031784115805511,-0.005031784115805511
0.0011244463117009423,0.0011244463117009423
0.001285007321483566,0.001285007321483566
0.0015592845088879875,0.0015592845088879875
0.0035247716641657934,0.0035247716641657934
0.00271541802960692,0.00271541802960692
-0.006491605077007071,-0.006491605077007071
0.007328759975603033,0.007328759975603033
0.004733080282921648,0.004469963298589578
-0.0009115014726181162,-0.0009115014726181162
0.0033309574452165015,0.0033309574452165015
0.003468403507862719,0.003468403507862719
0.0008973041591889577,0.0008973041591889577
-0.005602712559921261,-0.005602712559921261
-0.002322533718449798,-0.002322533718449798
0.0032523123464512217,0.0032523123464512217
0.00708527953555777,0.00708527953555777
0.004571241261304217,0.004571241261304217
0.00412849494507103,0.00412849494507103
-0.003932200953654237,-0.003932200953654237
-0.002659742326666694,-0.002659742326666694
-0.0011563432478967485,-0.0011563432478967485
0.011856595754360221,0.011856595754360221
0.00243590812466774,0.00243590812466774
-0.00491053443801631,-0.00491053443801631
-0.006045750640133308,-0.006045750640133308
0.00031536243643333676,0.00031536243643333676
-0.008676696733079806,-0.008676696733079806
0.007346823261413555,0.007346823261413555
0.000538538718158787,0.0002884618717006858
0.0006957612107299943,0.0006957612107299943
-0.010319773966038658,-0.010319773966038658
0.0007526289903615129,0.0007526289903615129
-0.0130765740405767,-0.0130765740405767
-0.008053914692883786,-0.008053914692883786
-0.0035403193544689807,-0.0035403193544689807
-0.001234466379421187,-0.001234466379421187
0.0003862754009686206,0.0003862754009686206
0.005388581984950795,0.005388581984950795
0.007810168644375101,0.007810168644375101
0.007413408220379473,0.007413408220379473
0.00029424696616585323,0.00029424696616585323
-0.0006563117927378941,-0.0006563117927378941
-0.0025191584928735433,-0.0025191584928735433
0.005535962900252364,0.005535962900252364
-0.012807376021709968,-0.012807376021709968
-0.0016852943755833773,-0.0016852943755833773
0.004026180500437461,0.004026180500437461
0.007321068647419188,0.007321068647419188
0.006798078543025392,0.006798078543025392
0.005406444908144399,0.005183943470077258
0.000555381428861838,0.000555381428861838
0.006824618732373498,0.006824618732373498
0.0016450552603185938,0.0016450552603185938
-0.0015580452795787177,-0.0015580452795787177
0.003085237764183612,0.003085237764183612
0.007229222390124678,0.007229222390124678
0.0014307434546958241,0.0014307434546958241
0.0015580955840245796,0.0015580955840245796
-0.001324995103325392,-0.001324995103325392
0.0018168716732979181,0.0018168716732979181
0.00036482447535646646,0.00036482447535646646
-0.012088828167285397,-0.012088828167285397
0.00441183878109674,0.00441183878109674
-0.011134944770360127,-0.011134944770360127
-0.009974420196824223,-0.009974420196824223
0.0033584654564457967,0.0033584654564457967
0.01211945955376929,0.01211945955376929
-0.0051053425899897035,-0.0051053425899897035
0.0010156809681005714,0.0010156809681005714
0.0036258009380698286,0.0036258009380698286
-0.0019325053312459705,-0.0022037464057508655
-0.0006258325907881611,-0.0006258325907881611
0.0017963218240932709,0.0017963218240932709
-0.003126139657067064,-0.003126139657067064
0.000783174567482639,0.000783174567482639
-0.002622087395299019,-0.002622087395299019
-0.003941387537214664,-0.003941387537214664
0.0062879048878413885,0.0062879048878413885
0.004102212474638508,0.004102212474638508
0.004307211257982664,0.004307211257982664
0.0002940767872393233,0.0002940767872393233
0.0059666955902750556,0.0059666955902750556
-0.003950147234338818,-0.003950147234338818
-0.005529767678331992,-0.005529767678331992
0.000765699333216563,0.000765699333216563
-0.0007298051105124872,-0.0007298051105124872
-0.004554183600979975,-0.004554183600979975
0.00615049855269621,0.00615049855269621
0.0009099322621623366,0.0009099322621623366
0.0005220477748078614,0.0005220477748078614
0.0003257858093847713,0.0003257858093847713
-0.001548832019166753,-0.0018187290118819705
0.006459447875874167,0.006459447875874167
0.007843341131569564,0.007843341131569564
0.007975183942209923,0.007975183942209923
0.0027454350573395264,0.0027454350573395264
0.010443898560278756,0.010443898560278756
-0.0012256911224600008,-0.0012256911224600008
-0.006717267880116634,-0.006717267880116634
-0.00816930523805315,-0.00816930523805315
0.008194204246729129,0.008194204246729129
-0.0034086358080573924,-0.0034086358080573924
-0.01145409979069403,-0.01145409979069403
0.001322624907424071,0.001322624907424071
0.01315237240817115,0.01315237240817115
0.0014550875621530744,0.0014550875621530744
0.003274554268435072,0.003274554268435072
0.0037388889056211546,0.0037388889056211546
-0.008296723723272066,-0.008296723723272066
-0.01273908714028577,-0.01273908714028577
-0.023354952785378098,-0.023354952785378098
0.010489995247898181,0.010489995247898181
-0.0003385556032471349,-0.0008286258529390905
0.014522625683426436,0.014522625683426436
0.0035649236108799887,0.0035649236108799887
-0.004039408927188899,-0.004039408927188899
0.007600792782919116,0.007600792782919116
0.005328955310513616,0.005328955310513616
0.009087268458792073,0.009087268458792073
0.0031248103921052315,0.0031248103921052315
0.006701606204378786,0.006701606204378786
-0.0016952017508113162,-0.0016952017508113162
0.005222044584308537,0.005222044584308537
-0.0008521458998468491,-0.0008521458998468491
0.007491718096810255,0.007491718096810255
0.0019597099955106206,0.0019597099955106206
0.0014770098556850355,0.0014770098556850355
-0.002065980111188998,-0.002065980111188998
0.005774097841721062,0.005774097841721062
0.008236519641493854,0.008236519641493854
-0.009904439119502608,-0.009904439119502608
-0.0002538147944409678,-0.0002538147944409678
-0.006856197744277529,-0.006856197744277529
-0.010122520055460328,-0.010396035828176086
0.009275589977751984,0.009275589977751984
-0.00012830195418514888,-0.00012830195418514888
-0.001922609518787111,-0.001922609518787111
0.004425540488272898,0.004425540488272898
0.006132401190044767,0.006132401190044767
0.008103850737469217,0.008103850737469217
-4.918565103163535e-05,-4.918565103163535e-05
-0.004521716146045139,-0.004521716146045139
0.009149439062595787,0.009149439062595787
-0.0003670774164323854,-0.0003670774164323854
0.004633743584378918,0.004633743584378918
-0.0008675524576793571,-0.0008675524576793571
-0.004673374437574306,-0.004673374437574306
0.002421796722656357,0.002421796722656357
0.003988355388909539,0.003988355388909539
0.003514095878176093,0.003514095878176093
-0.002083585301490013,-0.002083585301490013
0.000311808740572406,0.000311808740572406
-0.0025678554511046844,-0.0025678554511046844
0.007700940419529987,0.007700940419529987
-0.007794011727932609,-0.008104111072953613
0.0047284776696150735,0.0047284776696150735
0.007974620996518553,0.007974620996518553
-0.003496995515414339,-0.003496995515414339
0.00934368305065943,0.00934368305065943
0.007271810232351115,0.007271810232351115
-0.002980331406886948,-0.002980331406886948
0.005407510366034534,0.005407510366034534
-0.0015570150169171829,-0.0015570150169171829
0.001562646659082053,0.001562646659082053
-0.005204111487361523,-0.005204111487361523
-0.0050139224414852785,-0.0050139224414852785
-0.0022471033248233517,-0.0022471033248233517
-0.0031410694577487285,-0.0031410694577487285
-0.00720189526394852,-0.00720189526394852
0.002093106215929858,0.002093106215929858
-0.0027401617400912926,-0.0027401617400912926
-0.0011064691977791937,-0.0011064691977791937
-0.007109655029089329,-0.007109655029089329
0.0020421437446109126,0.0020421437446109126
0.0009944302384239886,0.0009944302384239886
0.00860638275106106,0.008368851560809722
0.02146112769869983,0.02146112769869983
0.0010838863937755999,0.0010838863937755999
0.007373473938796375,0.007373473938796375
0.007293898137693747,0.007293898137693747
-0.003737758181851826,-0.003737758181851826
0.0006469923477161365,0.0006469923477161365
-0.00922243326892184,-0.00922243326892184
-0.007440797974427957,-0.007440797974427957
0.004336354953995954,0.004336354953995954
-0.0024459768504834158,-0.0024459768504834158
0.0044225863657475625,0.0044225863657475625
0.01205654464211359,0.01205654464211359
0.007133262929754192,0.007133262929754192
0.003534200412361246,0.003534200412361246
0.0029805407775684426,0.0029805407775684426
-5.3301535240426006e-05,-5.3301535240426006e-05
0.0013838955563472719,0.0013838955563472719
-0.004392823637175446,-0.004392823637175446
-0.004094362611149707,-0.004094362611149707
0.0008312841751691876,0.0008312841751691876
